{
  "notes": [
    {
      "id": "logic-foundations-cheatsheet",
      "title": "Logic Foundations Cheatsheet",
      "titleHindi": "तर्कशास्त्र आधार चीटशीट",
      "course": "mathematical-logic",
      "topic": "logic-basics",
      "modes": ["hi-shuddh", "hi-mixed", "hinglish"],
      "type": "cheatsheet",
      "pdfPath": "/notes/logic-foundations-cheatsheet.pdf",
      "latexPath": "/notes/logic-foundations-cheatsheet.tex",
      "lastUpdated": "2025-01-15"
    },
    {
      "id": "truth-tables-reference",
      "title": "Truth Tables Quick Reference",
      "titleHindi": "सत्य सारणी त्वरित संदर्भ",
      "course": "mathematical-logic",
      "topic": "truth-tables",
      "modes": ["hi-mixed", "hinglish"],
      "type": "pdf",
      "pdfPath": "/notes/truth-tables-reference.pdf",
      "lastUpdated": "2025-01-20"
    }
  ],
  "courses": [
    { "id": "mathematical-logic", "name": "Mathematical Logic", "nameHindi": "गणितीय तर्कशास्त्र" }
  ],
  "topics": [
    { "id": "logic-basics", "name": "Logic Basics", "nameHindi": "तर्क मूलभूत" },
    { "id": "truth-tables", "name": "Truth Tables", "nameHindi": "सत्य सारणी" }
  ],
  "types": [
    { "id": "pdf", "name": "PDF" },
    { "id": "cheatsheet", "name": "Cheatsheet" },
    { "id": "latex", "name": "LaTeX" }
  ]
}
